{"cameraMode":{"drawMode":0,"name":"Shaded","section":"Shading Mode"},"sceneLighting":true,"audioPlay":false,"sceneViewState":{"m_AlwaysRefresh":false,"showFog":true,"showSkybox":true,"showFlares":true,"showImageEffects":true,"showParticleSystems":true,"showVisualEffectGraphs":true,"m_FxEnabled":true},"in2DMode":false,"pivot":{"x":0.24631226062774659,"y":0.7051882743835449,"z":0.3696216344833374},"rotation":{"x":-0.008145022206008435,"y":0.9419083595275879,"z":-0.022901831194758416,"w":-0.33498919010162356},"size":624.2911987304688,"orthographic":false}